record_id,signal_file,label_file,n_samples,duration_s,bpm_count,expected_windows,actual_windows,first_start,first_end,last_start,last_end,alignment_ok
DATA_01_TYPE01,DATA_01_TYPE01.mat,DATA_01_TYPE01_BPMtrace.mat,37937,303.496,148,148,148,0,1000,36750,37750,True
DATA_02_TYPE02,DATA_02_TYPE02.mat,DATA_02_TYPE02_BPMtrace.mat,37850,302.8,148,148,148,0,1000,36750,37750,True
DATA_03_TYPE02,DATA_03_TYPE02.mat,DATA_03_TYPE02_BPMtrace.mat,35989,287.912,140,140,140,0,1000,34750,35750,True
DATA_04_TYPE02,DATA_04_TYPE02.mat,DATA_04_TYPE02_BPMtrace.mat,37250,298.0,146,146,146,0,1000,36250,37250,True
DATA_05_TYPE02,DATA_05_TYPE02.mat,DATA_05_TYPE02_BPMtrace.mat,37328,298.624,146,146,146,0,1000,36250,37250,True
DATA_06_TYPE02,DATA_06_TYPE02.mat,DATA_06_TYPE02_BPMtrace.mat,38373,306.984,150,150,150,0,1000,37250,38250,True
DATA_07_TYPE02,DATA_07_TYPE02.mat,DATA_07_TYPE02_BPMtrace.mat,36650,293.2,143,143,143,0,1000,35500,36500,True
DATA_08_TYPE02,DATA_08_TYPE02.mat,DATA_08_TYPE02_BPMtrace.mat,40803,326.424,160,160,160,0,1000,39750,40750,True
DATA_09_TYPE02,DATA_09_TYPE02.mat,DATA_09_TYPE02_BPMtrace.mat,38121,304.968,149,149,149,0,1000,37000,38000,True
DATA_10_TYPE02,DATA_10_TYPE02.mat,DATA_10_TYPE02_BPMtrace.mat,38042,304.336,149,149,149,0,1000,37000,38000,True
DATA_11_TYPE02,DATA_11_TYPE02.mat,DATA_11_TYPE02_BPMtrace.mat,36500,292.0,143,143,143,0,1000,35500,36500,True
DATA_12_TYPE02,DATA_12_TYPE02.mat,DATA_12_TYPE02_BPMtrace.mat,37316,298.528,146,146,146,0,1000,36250,37250,True
