relative_path,variable,python_type,dtype,shape,ndim,elements,finite_count,nonfinite_count,nan_count,posinf_count,neginf_count,min,max,mean,std,all_zero,constant,first10,last10,row_stats_json,nested_structure_json
data/Competition_data/TEST_S01_T01.mat,sig,ndarray,float64,"[5, 36452]",2,182260,182260,0,0,0,0,-555.0,551.0,0.35241886425984853,35.50193711110673,False,False,"[11.5, 6.5, 0.0, 1.5, -2.0, -2.5, 7.0, 10.5, 16.5, 7.5]","[0.7565999999999999, 0.8502, 0.7878, 0.8268, 0.7644, 0.8111999999999999, 0.7176, 0.8423999999999999, 0.8111999999999999, 0.8268]","[{""finite"": 36452, ""nonfinite"": 0, ""nan"": 0, ""posinf"": 0, ""neginf"": 0, ""min"": -383.0, ""max"": 421.5, ""mean"": 0.02298913639855152, ""std"": 51.44171078673699, ""all_zero"": false, ""constant"": false}, {""finite"": 36452, ""nonfinite"": 0, ""nan"": 0, ""posinf"": 0, ""neginf"": 0, ""min"": -555.0, ""max"": 551.0, ""mean"": 0.825592560079008, ""std"": 60.451971338956916, ""all_zero"": false, ""constant"": false}, {""finite"": 36452, ""nonfinite"": 0, ""nan"": 0, ""posinf"": 0, ""neginf"": 0, ""min"": -1.3572, ""max"": 3.9858, ""mean"": 0.6135051355206848, ""std"": 0.44551678289322866, ""all_zero"": false, ""constant"": false}, {""finite"": 36452, ""nonfinite"": 0, ""nan"": 0, ""posinf"": 0, ""neginf"": 0, ""min"": -3.1044, ""max"": 2.0826, ""mean"": -0.05388445078459343, ""std"": 0.4887925852096566, ""all_zero"": false, ""constant"": false}, {""finite"": 36452, ""nonfinite"": 0, ""nan"": 0, ""posinf"": 0, ""neginf"": 0, ""min"": -1.1543999999999999, ""max"": 3.9858, ""mean"": 0.35389194008559194, ""std"": 0.4941401526952157, ""all_zero"": false, ""constant"": false}]",{}
data/Competition_data/TEST_S02_T01.mat,sig,ndarray,float64,"[5, 35212]",2,176060,176060,0,0,0,0,-233.5,386.5,0.11422332841076907,19.290810674763176,False,False,"[19.5, 9.0, 11.0, 13.0, 15.0, 18.5, 5.5, 1.0, -6.5, -8.0]","[0.22619999999999998, 0.2652, 0.3276, 0.3588, 0.3822, 0.3822, 0.42119999999999996, 0.3822, 0.4134, 0.30419999999999997]","[{""finite"": 35212, ""nonfinite"": 0, ""nan"": 0, ""posinf"": 0, ""neginf"": 0, ""min"": -231.0, ""max"": 206.0, ""mean"": -0.6774395092582074, ""std"": 31.007088899520717, ""all_zero"": false, ""constant"": false}, {""finite"": 35212, ""nonfinite"": 0, ""nan"": 0, ""posinf"": 0, ""neginf"": 0, ""min"": -233.5, ""max"": 386.5, ""mean"": 0.4378620924684767, ""std"": 29.957940120343224, ""all_zero"": false, ""constant"": false}, {""finite"": 35212, ""nonfinite"": 0, ""nan"": 0, ""posinf"": 0, ""neginf"": 0, ""min"": -2.0436, ""max"": 3.1122, ""mean"": 0.26987707599681926, ""std"": 0.5655040186034737, ""all_zero"": false, ""constant"": false}, {""finite"": 35212, ""nonfinite"": 0, ""nan"": 0, ""posinf"": 0, ""neginf"": 0, ""min"": -2.6519999999999997, ""max"": 2.0591999999999997, ""mean"": -0.040552822901283654, ""std"": 0.46952365455959455, ""all_zero"": false, ""constant"": false}, {""finite"": 35212, ""nonfinite"": 0, ""nan"": 0, ""posinf"": 0, ""neginf"": 0, ""min"": -2.34, ""max"": 3.9858, ""mean"": 0.5813698057480404, ""std"": 0.4701225777366322, ""all_zero"": false, ""constant"": false}]",{}
data/Competition_data/TEST_S02_T02.mat,sig,ndarray,float64,"[5, 36859]",2,184295,184295,0,0,0,0,-1024.0,946.5,-0.24626201904555198,39.306501951399966,False,False,"[4.0, 0.5, 0.5, -8.0, -16.0, -20.5, -30.0, -29.0, -30.5, -25.5]","[0.1482, -0.0858, -0.1482, -0.30419999999999997, -0.2964, -0.28859999999999997, -0.1404, -0.1248, -0.0312, 0.0702]","[{""finite"": 36859, ""nonfinite"": 0, ""nan"": 0, ""posinf"": 0, ""neginf"": 0, ""min"": -378.5, ""max"": 790.5, ""mean"": -0.8390352424102662, ""std"": 49.777316594514524, ""all_zero"": false, ""constant"": false}, {""finite"": 36859, ""nonfinite"": 0, ""nan"": 0, ""posinf"": 0, ""neginf"": 0, ""min"": -1024.0, ""max"": 946.5, ""mean"": -0.3674000922434141, ""std"": 72.4080400922478, ""all_zero"": false, ""constant"": false}, {""finite"": 36859, ""nonfinite"": 0, ""nan"": 0, ""posinf"": 0, ""neginf"": 0, ""min"": -3.9936, ""max"": 3.9858, ""mean"": 0.3026247212349765, ""std"": 0.9400917810567145, ""all_zero"": false, ""constant"": false}, {""finite"": 36859, ""nonfinite"": 0, ""nan"": 0, ""posinf"": 0, ""neginf"": 0, ""min"": -3.9936, ""max"": 3.9858, ""mean"": -0.6830837461678286, ""std"": 1.1886741629225015, ""all_zero"": false, ""constant"": false}, {""finite"": 36859, ""nonfinite"": 0, ""nan"": 0, ""posinf"": 0, ""neginf"": 0, ""min"": -3.9936, ""max"": 3.9858, ""mean"": 0.3555842643587726, ""std"": 0.8848043583948113, ""all_zero"": false, ""constant"": false}]",{}
data/Competition_data/TEST_S03_T02.mat,sig,ndarray,float64,"[5, 38752]",2,193760,193760,0,0,0,0,-382.0,453.5,0.5827325867052022,19.7222556713626,False,False,"[3.5, 2.0, -3.5, -4.0, -6.5, -7.5, -0.5, -5.0, -2.5, 0.0]","[0.25739999999999996, 0.3354, 0.25739999999999996, 0.2652, 0.312, 0.30419999999999997, 0.3276, 0.351, 0.40559999999999996, 0.3276]","[{""finite"": 38752, ""nonfinite"": 0, ""nan"": 0, ""posinf"": 0, ""neginf"": 0, ""min"": -382.0, ""max"": 453.5, ""mean"": -0.6981446118909992, ""std"": 39.119365601778505, ""all_zero"": false, ""constant"": false}, {""finite"": 38752, ""nonfinite"": 0, ""nan"": 0, ""posinf"": 0, ""neginf"": 0, ""min"": -208.0, ""max"": 175.5, ""mean"": 3.097543352601156, ""std"": 20.091297082802427, ""all_zero"": false, ""constant"": false}, {""finite"": 38752, ""nonfinite"": 0, ""nan"": 0, ""posinf"": 0, ""neginf"": 0, ""min"": -3.9936, ""max"": 3.9858, ""mean"": 0.5486526682493807, ""std"": 1.0039636859745358, ""all_zero"": false, ""constant"": false}, {""finite"": 38752, ""nonfinite"": 0, ""nan"": 0, ""posinf"": 0, ""neginf"": 0, ""min"": -3.9936, ""max"": 3.9858, ""mean"": -0.3992029211395541, ""std"": 0.6958801292488344, ""all_zero"": false, ""constant"": false}, {""finite"": 38752, ""nonfinite"": 0, ""nan"": 0, ""posinf"": 0, ""neginf"": 0, ""min"": -3.9936, ""max"": 3.9858, ""mean"": 0.36481444570602806, ""std"": 0.617981679470401, ""all_zero"": false, ""constant"": false}]",{}
data/Competition_data/TEST_S04_T02.mat,sig,ndarray,float64,"[5, 26000]",2,130000,130000,0,0,0,0,-176.5,222.0,0.81745202,22.491312088810197,False,False,"[20.0, 18.0, 18.5, 18.0, 27.0, 17.0, 22.0, 23.0, 9.5, 22.5]","[0.42119999999999996, 0.46799999999999997, 0.5147999999999999, 0.4836, 0.4836, 0.45239999999999997, 0.507, 0.5226, 0.5928, 0.5459999999999999]","[{""finite"": 26000, ""nonfinite"": 0, ""nan"": 0, ""posinf"": 0, ""neginf"": 0, ""min"": -161.0, ""max"": 157.5, ""mean"": -1.1410576923076923, ""std"": 28.43485599435574, ""all_zero"": false, ""constant"": false}, {""finite"": 26000, ""nonfinite"": 0, ""nan"": 0, ""posinf"": 0, ""neginf"": 0, ""min"": -176.5, ""max"": 222.0, ""mean"": 3.584807692307692, ""std"": 41.29936742812192, ""all_zero"": false, ""constant"": false}, {""finite"": 26000, ""nonfinite"": 0, ""nan"": 0, ""posinf"": 0, ""neginf"": 0, ""min"": -3.9936, ""max"": 3.9858, ""mean"": 0.6680723999999999, ""std"": 1.2577099096843596, ""all_zero"": false, ""constant"": false}, {""finite"": 26000, ""nonfinite"": 0, ""nan"": 0, ""posinf"": 0, ""neginf"": 0, ""min"": -3.9936, ""max"": 3.9858, ""mean"": 0.5292537, ""std"": 0.7651392121544353, ""all_zero"": false, ""constant"": false}, {""finite"": 26000, ""nonfinite"": 0, ""nan"": 0, ""posinf"": 0, ""neginf"": 0, ""min"": -3.5879999999999996, ""max"": 3.9858, ""mean"": 0.44618399999999997, ""std"": 1.1010493050649457, ""all_zero"": false, ""constant"": false}]",{}
data/Competition_data/TEST_S05_T02.mat,sig,ndarray,float64,"[5, 40022]",2,200110,200110,0,0,0,0,-1024.0,939.5,0.5691817010644146,47.91796670672016,False,False,"[9.5, 1.0, -7.0, -5.5, -5.0, -3.0, -9.5, -6.0, -2.0, -15.5]","[0.5928, 0.6396, 0.5538, 0.6083999999999999, 0.624, 0.6864, 0.7253999999999999, 0.7565999999999999, 0.7799999999999999, 0.8735999999999999]","[{""finite"": 40022, ""nonfinite"": 0, ""nan"": 0, ""posinf"": 0, ""neginf"": 0, ""min"": -281.5, ""max"": 210.5, ""mean"": -0.8108790165409026, ""std"": 29.997886730857065, ""all_zero"": false, ""constant"": false}, {""finite"": 40022, ""nonfinite"": 0, ""nan"": 0, ""posinf"": 0, ""neginf"": 0, ""min"": -1024.0, ""max"": 939.5, ""mean"": 2.384213682474639, ""std"": 102.82395223303305, ""all_zero"": false, ""constant"": false}, {""finite"": 40022, ""nonfinite"": 0, ""nan"": 0, ""posinf"": 0, ""neginf"": 0, ""min"": -3.9936, ""max"": 3.9858, ""mean"": 0.9036437009644693, ""std"": 0.9935792547470333, ""all_zero"": false, ""constant"": false}, {""finite"": 40022, ""nonfinite"": 0, ""nan"": 0, ""posinf"": 0, ""neginf"": 0, ""min"": -3.9936, ""max"": 3.9858, ""mean"": 0.03755779321373245, ""std"": 0.7534938697767369, ""all_zero"": false, ""constant"": false}, {""finite"": 40022, ""nonfinite"": 0, ""nan"": 0, ""posinf"": 0, ""neginf"": 0, ""min"": -3.9936, ""max"": 3.9858, ""mean"": 0.3313723452101344, ""std"": 0.9024421697429925, ""all_zero"": false, ""constant"": false}]",{}
data/Competition_data/TEST_S06_T01.mat,sig,ndarray,float64,"[5, 33832]",2,169160,169160,0,0,0,0,-185.0,256.0,0.3944574414755261,23.296201539447928,False,False,"[9.5, 16.0, 8.0, 8.0, 14.0, 3.5, 8.5, -3.0, -10.0, -6.0]","[-0.10919999999999999, -0.1326, -0.1794, -0.1482, -0.1482, -0.18719999999999998, -0.1482, -0.156, -0.1794, -0.1638]","[{""finite"": 33832, ""nonfinite"": 0, ""nan"": 0, ""posinf"": 0, ""neginf"": 0, ""min"": -98.0, ""max"": 97.5, ""mean"": -0.85710274296524, ""std"": 18.872100988192237, ""all_zero"": false, ""constant"": false}, {""finite"": 33832, ""nonfinite"": 0, ""nan"": 0, ""posinf"": 0, ""neginf"": 0, ""min"": -185.0, ""max"": 256.0, ""mean"": 1.7103334121541736, ""std"": 48.50990017729996, ""all_zero"": false, ""constant"": false}, {""finite"": 33832, ""nonfinite"": 0, ""nan"": 0, ""posinf"": 0, ""neginf"": 0, ""min"": -0.4992, ""max"": 3.7752, ""mean"": 0.8130178943012532, ""std"": 0.45188775031427614, ""all_zero"": false, ""constant"": false}, {""finite"": 33832, ""nonfinite"": 0, ""nan"": 0, ""posinf"": 0, ""neginf"": 0, ""min"": -2.3322, ""max"": 2.6208, ""mean"": -0.0238474994088437, ""std"": 0.35321376673550214, ""all_zero"": false, ""constant"": false}, {""finite"": 33832, ""nonfinite"": 0, ""nan"": 0, ""posinf"": 0, ""neginf"": 0, ""min"": -1.6614, ""max"": 2.925, ""mean"": 0.3298861432962875, ""std"": 0.46602962843304374, ""all_zero"": false, ""constant"": false}]",{}
data/Competition_data/TEST_S06_T02.mat,sig,ndarray,float64,"[5, 36425]",2,182125,182125,0,0,0,0,-1024.0,943.5,0.3513204886753603,61.46701501691494,False,False,"[0.0, 12.5, 19.5, 22.5, 12.5, 11.0, 11.0, 14.5, 18.0, 26.5]","[-0.3432, -0.312, -0.3276, -0.3666, -0.3432, -0.351, -0.312, -0.3198, -0.3198, -0.2964]","[{""finite"": 36425, ""nonfinite"": 0, ""nan"": 0, ""posinf"": 0, ""neginf"": 0, ""min"": -342.0, ""max"": 294.5, ""mean"": -0.9529581331503089, ""std"": 60.27710504911936, ""all_zero"": false, ""constant"": false}, {""finite"": 36425, ""nonfinite"": 0, ""nan"": 0, ""posinf"": 0, ""neginf"": 0, ""min"": -1024.0, ""max"": 943.5, ""mean"": 1.9744269045984901, ""std"": 123.48908464665149, ""all_zero"": false, ""constant"": false}, {""finite"": 36425, ""nonfinite"": 0, ""nan"": 0, ""posinf"": 0, ""neginf"": 0, ""min"": -3.315, ""max"": 3.9858, ""mean"": 0.9523717556623198, ""std"": 0.8985934003687843, ""all_zero"": false, ""constant"": false}, {""finite"": 36425, ""nonfinite"": 0, ""nan"": 0, ""posinf"": 0, ""neginf"": 0, ""min"": -3.9936, ""max"": 3.9858, ""mean"": -0.27416448592999315, ""std"": 0.9776663419339026, ""all_zero"": false, ""constant"": false}, {""finite"": 36425, ""nonfinite"": 0, ""nan"": 0, ""posinf"": 0, ""neginf"": 0, ""min"": -3.9936, ""max"": 3.9858, ""mean"": 0.056926402196293746, ""std"": 1.0715291804486191, ""all_zero"": false, ""constant"": false}]",{}
data/Competition_data/TEST_S07_T02.mat,sig,ndarray,float64,"[5, 31152]",2,155760,155760,0,0,0,0,-200.0,254.0,0.4140706432973805,27.262531633313753,False,False,"[-43.5, -45.0, -49.5, -56.0, -61.0, -63.5, -62.0, -57.0, -57.5, -44.5]","[0.5771999999999999, 0.585, 0.5771999999999999, 0.6317999999999999, 0.624, 0.6006, 0.6708, 0.6474, 0.6708, 0.6552]","[{""finite"": 31152, ""nonfinite"": 0, ""nan"": 0, ""posinf"": 0, ""neginf"": 0, ""min"": -175.5, ""max"": 200.5, ""mean"": -0.931481124807396, ""std"": 35.53564933147784, ""all_zero"": false, ""constant"": false}, {""finite"": 31152, ""nonfinite"": 0, ""nan"": 0, ""posinf"": 0, ""neginf"": 0, ""min"": -200.0, ""max"": 254.0, ""mean"": 2.5823382126348227, ""std"": 49.43140305061947, ""all_zero"": false, ""constant"": false}, {""finite"": 31152, ""nonfinite"": 0, ""nan"": 0, ""posinf"": 0, ""neginf"": 0, ""min"": -3.9936, ""max"": 3.9858, ""mean"": 0.45351796995377497, ""std"": 0.9357303745773484, ""all_zero"": false, ""constant"": false}, {""finite"": 31152, ""nonfinite"": 0, ""nan"": 0, ""posinf"": 0, ""neginf"": 0, ""min"": -3.9936, ""max"": 3.9, ""mean"": -0.580248189522342, ""std"": 0.7812954844870966, ""all_zero"": false, ""constant"": false}, {""finite"": 31152, ""nonfinite"": 0, ""nan"": 0, ""posinf"": 0, ""neginf"": 0, ""min"": -3.9936, ""max"": 3.9858, ""mean"": 0.5462263482280432, ""std"": 0.9882182858597688, ""all_zero"": false, ""constant"": false}]",{}
data/Competition_data/TEST_S08_T01.mat,sig,ndarray,float64,"[5, 25754]",2,128770,128770,0,0,0,0,-555.0,877.0,0.5509533773394424,44.04695888758961,False,False,"[48.0, 42.5, 38.5, 39.0, 40.5, 40.0, 34.5, 23.5, 19.5, 23.0]","[0.5928, 0.6162, 0.5771999999999999, 0.5616, 0.5382, 0.5694, 0.5459999999999999, 0.5616, 0.6083999999999999, 0.6474]","[{""finite"": 25754, ""nonfinite"": 0, ""nan"": 0, ""posinf"": 0, ""neginf"": 0, ""min"": -140.0, ""max"": 171.5, ""mean"": -0.7643861147782869, ""std"": 43.728082427467946, ""all_zero"": false, ""constant"": false}, {""finite"": 25754, ""nonfinite"": 0, ""nan"": 0, ""posinf"": 0, ""neginf"": 0, ""min"": -555.0, ""max"": 877.0, ""mean"": 2.7018133105537006, ""std"": 88.21099618966856, ""all_zero"": false, ""constant"": false}, {""finite"": 25754, ""nonfinite"": 0, ""nan"": 0, ""posinf"": 0, ""neginf"": 0, ""min"": -1.1778, ""max"": 1.638, ""mean"": 0.11378689912246642, ""std"": 0.38766772973146485, ""all_zero"": false, ""constant"": false}, {""finite"": 25754, ""nonfinite"": 0, ""nan"": 0, ""posinf"": 0, ""neginf"": 0, ""min"": -2.1138, ""max"": 0.9828, ""mean"": -0.054122986720509435, ""std"": 0.30694516066448924, ""all_zero"": false, ""constant"": false}, {""finite"": 25754, ""nonfinite"": 0, ""nan"": 0, ""posinf"": 0, ""neginf"": 0, ""min"": -0.6629999999999999, ""max"": 3.0107999999999997, ""mean"": 0.7576757785198415, ""std"": 0.38354992968809565, ""all_zero"": false, ""constant"": false}]",{}
data/Competition_data/True_S01_T01.mat,BPM0,ndarray,float64,"[142, 1]",2,142,142,0,0,0,0,59.055,101.925,74.73082394366199,9.997213338697275,False,False,"[62.696, 60.206, 59.055, 59.389, 59.659, 59.389, 59.863, 60.554, 62.574, 67.797]","[101.925, 100.0, 96.266, 93.458, 91.931, 92.975, 94.439, 95.819, 94.394, 90.361]",[],{}
data/Competition_data/True_S02_T01.mat,BPM0,ndarray,float64,"[137, 1]",2,137,137,0,0,0,0,60.624,101.237,76.12580291970802,10.825735939879166,False,False,"[70.239, 69.686, 69.686, 68.493, 66.288, 65.217, 64.655, 63.898, 64.725, 64.417]","[77.24, 76.444, 76.609, 75.928, 75.843, 75.928, 75.588, 76.185, 76.444, 76.271]",[],{}
data/Competition_data/True_S02_T02.mat,BPM0,ndarray,float64,"[144, 1]",2,144,144,0,0,0,0,76.923,147.668,127.69263194444446,17.822419458580548,False,False,"[76.923, 77.765, 79.693, 82.057, 82.873, 84.356, 85.67, 86.605, 87.209, 85.616]","[139.04, 137.195, 134.636, 132.743, 130.502, 127.932, 125.654, 123.33, 120.321, 118.644]",[],{}
data/Competition_data/True_S03_T02.mat,BPM0,ndarray,float64,"[152, 1]",2,152,152,0,0,0,0,107.973,172.775,156.77422368421054,14.867037690810006,False,False,"[110.544, 109.551, 110.063, 110.169, 109.375, 108.583, 107.973, 111.465, 117.925, 123.22]","[172.414, 171.518, 170.824, 170.455, 170.279, 169.903, 169.579, 169.057, 168.919, 168.63]",[],{}
data/Competition_data/True_S04_T02.mat,BPM0,ndarray,float64,"[101, 1]",2,101,101,0,0,0,0,101.036,147.975,122.81399009900991,12.572267751119625,False,False,"[101.036, 101.58, 101.987, 102.389, 109.428, 113.391, 116.796, 119.427, 122.449, 124.481]","[113.759, 111.702, 110.643, 110.294, 107.497, 106.441, 105.178, 105.386, 105.978, 105.634]",[],{}
data/Competition_data/True_S05_T02.mat,BPM0,ndarray,float64,"[157, 1]",2,157,157,0,0,0,0,112.179,146.004,135.3168407643312,7.325857363367236,False,False,"[112.179, 115.639, 118.922, 122.574, 124.352, 125.261, 125.523, 124.861, 124.861, 125.261]","[144.385, 144.695, 144.817, 144.67, 144.231, 142.706, 140.919, 139.65, 139.032, 139.463]",[],{}
data/Competition_data/True_S06_T01.mat,BPM0,ndarray,float64,"[132, 1]",2,132,132,0,0,0,0,64.655,117.188,90.60670454545456,14.134516256280943,False,False,"[72.816, 73.35, 73.171, 70.021, 67.873, 67.114, 64.655, 64.655, 66.225, 66.815]","[109.948, 111.94, 112.847, 112.299, 111.94, 112.661, 114.379, 116.339, 117.188, 116.796]",[],{}
data/Competition_data/True_S06_T02.mat,BPM0,ndarray,float64,"[142, 1]",2,142,142,0,0,0,0,115.031,165.615,143.43938732394366,11.909833507692964,False,False,"[115.031, 119.554, 123.626, 125.558, 126.263, 125.523, 124.352, 123.077, 121.581, 120.064]","[164.749, 165.615, 165.441, 164.577, 163.892, 163.551, 163.892, 164.577, 164.921, 165.268]",[],{}
data/Competition_data/True_S07_T02.mat,BPM0,ndarray,float64,"[121, 1]",2,121,121,0,0,0,0,112.903,146.756,127.33987603305783,8.529416870934725,False,False,"[129.705, 127.389, 128.894, 130.635, 133.185, 135.638, 137.195, 137.689, 136.778, 135.35]","[135.678, 135.638, 135.815, 135.638, 134.831, 133.648, 132.89, 132.674, 133.185, 133.648]",[],{}
data/Competition_data/True_S08_T01.mat,BPM0,ndarray,float64,"[100, 1]",2,100,100,0,0,0,0,79.957,92.688,85.99697999999998,3.705591882493268,False,False,"[86.934, 88.997, 90.263, 90.759, 90.959, 91.06, 91.261, 91.667, 91.769, 91.463]","[87.311, 86.505, 84.555, 82.508, 81.522, 81.967, 82.317, 83.241, 83.927, 85.052]",[],{}
data/Training_data/DATA_01_TYPE01.mat,sig,ndarray,float64,"[6, 37937]",2,227622,227622,0,0,0,0,-1024.0,914.0,-45.42250452768186,139.83677720787898,False,False,"[-269.5, -267.5, -267.5, -265.5, -262.0, -268.5, -275.5, -270.5, -266.0, -261.0]","[0.702, 0.7098, 0.7098, 0.7176, 0.7176, 0.7176, 0.7176, 0.7253999999999999, 0.7176, 0.7253999999999999]","[{""finite"": 37937, ""nonfinite"": 0, ""nan"": 0, ""posinf"": 0, ""neginf"": 0, ""min"": -1024.0, ""max"": 291.0, ""mean"": -277.61334581015893, ""std"": 130.24030289312896, ""all_zero"": false, ""constant"": false}, {""finite"": 37937, ""nonfinite"": 0, ""nan"": 0, ""posinf"": 0, ""neginf"": 0, ""min"": -1023.0, ""max"": 461.5, ""mean"": -0.5080660041647995, ""std"": 96.46027439171574, ""all_zero"": false, ""constant"": false}, {""finite"": 37937, ""nonfinite"": 0, ""nan"": 0, ""posinf"": 0, ""neginf"": 0, ""min"": -1023.5, ""max"": 914.0, ""mean"": 4.1967999578248145, ""std"": 162.32339447018063, ""all_zero"": false, ""constant"": false}, {""finite"": 37937, ""nonfinite"": 0, ""nan"": 0, ""posinf"": 0, ""neginf"": 0, ""min"": -1.3728, ""max"": 2.6208, ""mean"": 0.4077804307140786, ""std"": 0.5788124401913423, ""all_zero"": false, ""constant"": false}, {""finite"": 37937, ""nonfinite"": 0, ""nan"": 0, ""posinf"": 0, ""neginf"": 0, ""min"": -2.1138, ""max"": 3.8219999999999996, ""mean"": 0.4815801460315786, ""std"": 0.7738282777740639, ""all_zero"": false, ""constant"": false}, {""finite"": 37937, ""nonfinite"": 0, ""nan"": 0, ""posinf"": 0, ""neginf"": 0, ""min"": -1.6692, ""max"": 2.8937999999999997, ""mean"": 0.500224113662124, ""std"": 0.7350806704874867, ""all_zero"": false, ""constant"": false}]",{}
data/Training_data/DATA_01_TYPE01_BPMtrace.mat,BPM0,ndarray,float64,"[148, 1]",2,148,148,0,0,0,0,69.58762886597938,165.61514195583598,133.40570166368587,30.18496606250472,False,False,"[74.33920704845815, 76.35746606334841, 77.14285714285714, 74.66814159292035, 72.58064516129032, 71.68458781362007, 72.89416846652267, 73.449401523395, 75.33482142857142, 76.84426229508196]","[163.89177939646203, 163.04347826086956, 161.8705035971223, 160.7717041800643, 159.06680805938495, 157.39769150052467, 156.41293013555787, 155.60165975103735, 154.95867768595042, 154.2207792207792]",[],{}
data/Training_data/DATA_02_TYPE02.mat,sig,ndarray,float64,"[6, 37850]",2,227100,227100,0,0,0,0,-1024.0,227.5,-45.817743425803606,120.11064289240048,False,False,"[-173.0, -168.5, -164.5, -158.0, -148.0, -143.0, -137.0, -128.0, -121.0, -113.0]","[0.4134, 0.4134, 0.4134, 0.4134, 0.40559999999999996, 0.40559999999999996, 0.40559999999999996, 0.3978, 0.3822, 0.3978]","[{""finite"": 37850, ""nonfinite"": 0, ""nan"": 0, ""posinf"": 0, ""neginf"": 0, ""min"": -1024.0, ""max"": 227.5, ""mean"": -278.47492734478203, ""std"": 129.13097384837252, ""all_zero"": false, ""constant"": false}, {""finite"": 37850, ""nonfinite"": 0, ""nan"": 0, ""posinf"": 0, ""neginf"": 0, ""min"": -270.0, ""max"": 208.5, ""mean"": -0.7079656538969616, ""std"": 57.12947038972713, ""all_zero"": false, ""constant"": false}, {""finite"": 37850, ""nonfinite"": 0, ""nan"": 0, ""posinf"": 0, ""neginf"": 0, ""min"": -218.5, ""max"": 164.0, ""mean"": 3.2924042272126814, ""std"": 40.6774303992944, ""all_zero"": false, ""constant"": false}, {""finite"": 37850, ""nonfinite"": 0, ""nan"": 0, ""posinf"": 0, ""neginf"": 0, ""min"": -2.0669999999999997, ""max"": 0.9126, ""mean"": -0.2441729722589168, ""std"": 0.4135826831532524, ""all_zero"": false, ""constant"": false}, {""finite"": 37850, ""nonfinite"": 0, ""nan"": 0, ""posinf"": 0, ""neginf"": 0, ""min"": -1.1076, ""max"": 3.9858, ""mean"": 0.8235287397622193, ""std"": 0.8409784963270237, ""all_zero"": false, ""constant"": false}, {""finite"": 37850, ""nonfinite"": 0, ""nan"": 0, ""posinf"": 0, ""neginf"": 0, ""min"": -1.3259999999999998, ""max"": 2.3946, ""mean"": 0.4046724491413475, ""std"": 0.5904050254215861, ""all_zero"": false, ""constant"": false}]",{}
data/Training_data/DATA_02_TYPE02_BPMtrace.mat,BPM0,ndarray,float64,"[148, 1]",2,148,148,0,0,0,0,69.51596292481977,148.59228362878,120.966907717475,21.55142556919961,False,False,"[84.74576271186442, 89.7714907508161, 92.59259259259258, 88.9967637540453, 84.3644544431946, 81.25677139761648, 76.09921082299888, 72.90400972053463, 72.11538461538461, 70.92198581560284]","[147.36297828335057, 146.00409836065575, 144.53961456102783, 143.46439957492032, 142.40506329113924, 141.50943396226415, 140.33264033264032, 138.46153846153845, 136.80257510729612, 135.20678685047722]",[],{}
data/Training_data/DATA_03_TYPE02.mat,sig,ndarray,float64,"[6, 35989]",2,215934,215934,0,0,0,0,-1024.0,596.5,-45.86595372289681,127.90193489141528,False,False,"[-206.0, -204.0, -205.0, -204.0, -208.5, -215.5, -216.5, -228.0, -233.5, -240.0]","[0.5459999999999999, 0.5382, 0.5616, 0.5459999999999999, 0.5538, 0.5538, 0.5459999999999999, 0.5382, 0.5382, 0.5147999999999999]","[{""finite"": 35989, ""nonfinite"": 0, ""nan"": 0, ""posinf"": 0, ""neginf"": 0, ""min"": -1024.0, ""max"": 231.5, ""mean"": -278.84456361666065, ""std"": 140.33524219516212, ""all_zero"": false, ""constant"": false}, {""finite"": 35989, ""nonfinite"": 0, ""nan"": 0, ""posinf"": 0, ""neginf"": 0, ""min"": -706.0, ""max"": 596.5, ""mean"": -0.8190697157464781, ""std"": 94.9360008709565, ""all_zero"": false, ""constant"": false}, {""finite"": 35989, ""nonfinite"": 0, ""nan"": 0, ""posinf"": 0, ""neginf"": 0, ""min"": -480.0, ""max"": 303.5, ""mean"": 3.5618383394926227, ""std"": 65.56630803516104, ""all_zero"": false, ""constant"": false}, {""finite"": 35989, ""nonfinite"": 0, ""nan"": 0, ""posinf"": 0, ""neginf"": 0, ""min"": -2.2854, ""max"": 1.2012, ""mean"": -0.27045577259718245, ""std"": 0.4597542859135258, ""all_zero"": false, ""constant"": false}, {""finite"": 35989, ""nonfinite"": 0, ""nan"": 0, ""posinf"": 0, ""neginf"": 0, ""min"": -1.1778, ""max"": 3.9858, ""mean"": 0.7701351857512018, ""std"": 0.8422740958881783, ""all_zero"": false, ""constant"": false}, {""finite"": 35989, ""nonfinite"": 0, ""nan"": 0, ""posinf"": 0, ""neginf"": 0, ""min"": -1.2558, ""max"": 2.7456, ""mean"": 0.40639324237961594, ""std"": 0.6150697449905755, ""all_zero"": false, ""constant"": false}]",{}
data/Training_data/DATA_03_TYPE02_BPMtrace.mat,BPM0,ndarray,float64,"[140, 1]",2,140,140,0,0,0,0,83.7054,160.4278,131.28338,21.20931312266315,False,False,"[104.0555, 104.2781, 102.0408, 98.2533, 94.2857, 94.3396, 95.6429, 96.2567, 95.2381, 91.7686]","[159.7363, 160.0854, 160.4278, 160.387, 159.7444, 158.8983, 157.7287, 157.0681, 156.9038, 156.5762]",[],{}
data/Training_data/DATA_04_TYPE02.mat,sig,ndarray,float64,"[6, 37250]",2,223500,223500,0,0,0,0,-613.0,1008.5,-45.48368963937361,122.15393603543163,False,False,"[-323.5, -319.0, -316.0, -325.0, -325.0, -324.5, -326.5, -320.5, -321.0, -319.0]","[0.8268, 0.8423999999999999, 0.8268, 0.8423999999999999, 0.8423999999999999, 0.8346, 0.8423999999999999, 0.8502, 0.8423999999999999, 0.8346]","[{""finite"": 37250, ""nonfinite"": 0, ""nan"": 0, ""posinf"": 0, ""neginf"": 0, ""min"": -613.0, ""max"": 1008.5, ""mean"": -277.99146308724835, ""std"": 154.00614576643534, ""all_zero"": false, ""constant"": false}, {""finite"": 37250, ""nonfinite"": 0, ""nan"": 0, ""posinf"": 0, ""neginf"": 0, ""min"": -97.5, ""max"": 112.5, ""mean"": -0.855973154362416, ""std"": 20.62849940764863, ""all_zero"": false, ""constant"": false}, {""finite"": 37250, ""nonfinite"": 0, ""nan"": 0, ""posinf"": 0, ""neginf"": 0, ""min"": -76.5, ""max"": 116.0, ""mean"": 4.715986577181208, ""std"": 22.24147949667832, ""all_zero"": false, ""constant"": false}, {""finite"": 37250, ""nonfinite"": 0, ""nan"": 0, ""posinf"": 0, ""neginf"": 0, ""min"": -0.9984, ""max"": 1.4664, ""mean"": 0.31951333691275163, ""std"": 0.3481296097185614, ""all_zero"": false, ""constant"": false}, {""finite"": 37250, ""nonfinite"": 0, ""nan"": 0, ""posinf"": 0, ""neginf"": 0, ""min"": -0.7098, ""max"": 3.9858, ""mean"": 0.8030651758389261, ""std"": 0.7649059302037309, ""all_zero"": false, ""constant"": false}, {""finite"": 37250, ""nonfinite"": 0, ""nan"": 0, ""posinf"": 0, ""neginf"": 0, ""min"": -1.7393999999999998, ""max"": 1.2324, ""mean"": 0.10673331543624161, ""std"": 0.5458044769101682, ""all_zero"": false, ""constant"": false}]",{}
data/Training_data/DATA_04_TYPE02_BPMtrace.mat,BPM0,ndarray,float64,"[146, 1]",2,146,146,0,0,0,0,78.9474,164.0625,133.02606438356165,23.1459036116981,False,False,"[82.8729, 82.5083, 82.9646, 85.8124, 87.2093, 87.766, 84.8765, 82.2368, 79.8722, 80.2139]","[154.321, 151.5957, 149.8423, 148.1289, 146.9072, 145.3175, 145.4741, 145.6311, 145.7883, 146.1538]",[],{}
data/Training_data/DATA_05_TYPE02.mat,sig,ndarray,float64,"[6, 37328]",2,223968,223968,0,0,0,0,-726.5,1007.5,-45.47432647967567,125.52278579096395,False,False,"[-286.0, -284.0, -276.5, -268.5, -264.0, -264.5, -264.5, -262.5, -269.0, -276.5]","[0.8111999999999999, 0.819, 0.819, 0.8268, 0.8423999999999999, 0.8423999999999999, 0.858, 0.8658, 0.858, 0.8502]","[{""finite"": 37328, ""nonfinite"": 0, ""nan"": 0, ""posinf"": 0, ""neginf"": 0, ""min"": -726.5, ""max"": 1007.5, ""mean"": -277.55775825117877, ""std"": 149.69454043110676, ""all_zero"": false, ""constant"": false}, {""finite"": 37328, ""nonfinite"": 0, ""nan"": 0, ""posinf"": 0, ""neginf"": 0, ""min"": -164.0, ""max"": 269.0, ""mean"": -1.0084788898414059, ""std"": 51.60114240720924, ""all_zero"": false, ""constant"": false}, {""finite"": 37328, ""nonfinite"": 0, ""nan"": 0, ""posinf"": 0, ""neginf"": 0, ""min"": -233.5, ""max"": 293.5, ""mean"": 4.487556258036863, ""std"": 69.360079994135, ""all_zero"": false, ""constant"": false}, {""finite"": 37328, ""nonfinite"": 0, ""nan"": 0, ""posinf"": 0, ""neginf"": 0, ""min"": -1.17, ""max"": 1.1543999999999999, ""mean"": 0.19303161165880842, ""std"": 0.30249552158349585, ""all_zero"": false, ""constant"": false}, {""finite"": 37328, ""nonfinite"": 0, ""nan"": 0, ""posinf"": 0, ""neginf"": 0, ""min"": -0.6629999999999999, ""max"": 3.9858, ""mean"": 0.8668863748392628, ""std"": 0.8078690454854782, ""all_zero"": false, ""constant"": false}, {""finite"": 37328, ""nonfinite"": 0, ""nan"": 0, ""posinf"": 0, ""neginf"": 0, ""min"": -1.8641999999999999, ""max"": 1.8954, ""mean"": 0.17280401843120444, ""std"": 0.5688347825815074, ""all_zero"": false, ""constant"": false}]",{}
data/Training_data/DATA_05_TYPE02_BPMtrace.mat,BPM0,ndarray,float64,"[146, 1]",2,146,146,0,0,0,0,101.2373,166.8432,141.93067808219178,19.0881995417505,False,False,"[109.7179, 109.7973, 111.5834, 111.5834, 108.817, 106.599, 103.7234, 104.6137, 107.8029, 109.6738]","[164.5768, 163.5514, 162.5387, 161.2903, 160.061, 158.7302, 158.1576, 157.8947, 157.563, 157.3977]",[],{}
data/Training_data/DATA_06_TYPE02.mat,sig,ndarray,float64,"[6, 38373]",2,230238,230238,0,0,0,0,-1024.0,476.0,-42.46547784119042,153.88998711909787,False,False,"[-348.0, -345.0, -344.0, -339.5, -344.5, -342.0, -340.5, -338.5, -336.0, -338.5]","[0.37439999999999996, 0.3822, 0.40559999999999996, 0.43679999999999997, 0.4602, 0.4914, 0.5147999999999999, 0.5382, 0.5694, 0.585]","[{""finite"": 38373, ""nonfinite"": 0, ""nan"": 0, ""posinf"": 0, ""neginf"": 0, ""min"": -1024.0, ""max"": 476.0, ""mean"": -260.2938133583509, ""std"": 280.09997082887224, ""all_zero"": false, ""constant"": false}, {""finite"": 38373, ""nonfinite"": 0, ""nan"": 0, ""posinf"": 0, ""neginf"": 0, ""min"": -153.5, ""max"": 215.0, ""mean"": -0.8946264300419566, ""std"": 40.8374183532399, ""all_zero"": false, ""constant"": false}, {""finite"": 38373, ""nonfinite"": 0, ""nan"": 0, ""posinf"": 0, ""neginf"": 0, ""min"": -267.0, ""max"": 340.0, ""mean"": 5.643994475282099, ""std"": 70.7136815234987, ""all_zero"": false, ""constant"": false}, {""finite"": 38373, ""nonfinite"": 0, ""nan"": 0, ""posinf"": 0, ""neginf"": 0, ""min"": -3.5021999999999998, ""max"": 0.6708, ""mean"": -0.4688443749511375, ""std"": 0.5699101178238519, ""all_zero"": false, ""constant"": false}, {""finite"": 38373, ""nonfinite"": 0, ""nan"": 0, ""posinf"": 0, ""neginf"": 0, ""min"": -1.365, ""max"": 3.9858, ""mean"": 0.8672271440856852, ""std"": 1.0300399505568818, ""all_zero"": false, ""constant"": false}, {""finite"": 38373, ""nonfinite"": 0, ""nan"": 0, ""posinf"": 0, ""neginf"": 0, ""min"": -1.7862, ""max"": 3.5412, ""mean"": 0.35319549683371115, ""std"": 0.7414745404865314, ""all_zero"": false, ""constant"": false}]",{}
data/Training_data/DATA_06_TYPE02_BPMtrace.mat,BPM0,ndarray,float64,"[150, 1]",2,150,150,0,0,0,0,68.7285,153.0612,131.49958333333333,24.456102677298954,False,False,"[68.7285, 69.8035, 69.7674, 69.2841, 69.4444, 70.7547, 73.0519, 73.69, 74.8337, 75.167]","[152.2843, 152.5941, 152.7331, 152.7331, 152.5696, 152.5696, 152.7331, 152.7331, 153.0612, 153.0612]",[],{}
data/Training_data/DATA_07_TYPE02.mat,sig,ndarray,float64,"[6, 36650]",2,219900,219900,0,0,0,0,-1024.0,458.0,-42.26362252842201,154.21638960637344,False,False,"[71.0, 33.0, -12.0, -71.5, -127.0, -176.0, -223.5, -267.5, -295.5, -318.5]","[-0.10139999999999999, -0.09359999999999999, -0.10919999999999999, -0.10919999999999999, -0.10919999999999999, -0.10139999999999999, -0.09359999999999999, -0.10919999999999999, -0.10919999999999999, -0.10919999999999999]","[{""finite"": 36650, ""nonfinite"": 0, ""nan"": 0, ""posinf"": 0, ""neginf"": 0, ""min"": -1024.0, ""max"": 458.0, ""mean"": -261.6628785811733, ""std"": 277.85606221247224, ""all_zero"": false, ""constant"": false}, {""finite"": 36650, ""nonfinite"": 0, ""nan"": 0, ""posinf"": 0, ""neginf"": 0, ""min"": -229.5, ""max"": 248.0, ""mean"": -1.3656343792633014, ""std"": 59.39994546795644, ""all_zero"": false, ""constant"": false}, {""finite"": 36650, ""nonfinite"": 0, ""nan"": 0, ""posinf"": 0, ""neginf"": 0, ""min"": -259.5, ""max"": 221.5, ""mean"": 9.233683492496588, ""std"": 64.22016400112139, ""all_zero"": false, ""constant"": false}, {""finite"": 36650, ""nonfinite"": 0, ""nan"": 0, ""posinf"": 0, ""neginf"": 0, ""min"": -3.4398, ""max"": 0.9828, ""mean"": -0.6960771077762619, ""std"": 0.708783127489842, ""all_zero"": false, ""constant"": false}, {""finite"": 36650, ""nonfinite"": 0, ""nan"": 0, ""posinf"": 0, ""neginf"": 0, ""min"": -0.7487999999999999, ""max"": 3.1668, ""mean"": 0.6853918526603001, ""std"": 0.665351167857929, ""all_zero"": false, ""constant"": false}, {""finite"": 36650, ""nonfinite"": 0, ""nan"": 0, ""posinf"": 0, ""neginf"": 0, ""min"": -1.5444, ""max"": 2.2464, ""mean"": 0.2237795525238745, ""std"": 0.5831438487986677, ""all_zero"": false, ""constant"": false}]",{}
data/Training_data/DATA_07_TYPE02_BPMtrace.mat,BPM0,ndarray,float64,"[143, 1]",2,143,143,0,0,0,0,92.11873080859775,157.56302521008405,134.61426335676586,20.193585089089435,False,False,"[97.7198697068404, 96.5665236051502, 94.82758620689656, 95.59675550405561, 96.05122732123797, 95.94882729211088, 95.74468085106383, 94.17808219178082, 93.96355353075171, 94.14225941422595]","[157.39769150052467, 157.56302521008405, 157.06806282722513, 156.41293013555787, 155.56768558951964, 154.63917525773195, 154.00410677618072, 153.0612244897959, 152.28426395939087, 151.75718849840257]",[],{}
data/Training_data/DATA_08_TYPE02.mat,sig,ndarray,float64,"[6, 40803]",2,244818,244818,0,0,0,0,-970.5,312.0,-45.43980667843051,120.22511009741766,False,False,"[-262.5, -264.0, -261.0, -260.5, -255.5, -253.5, -248.0, -242.5, -244.0, -238.5]","[0.0078, 0.023399999999999997, 0.0156, 0.023399999999999997, 0.0312, 0.046799999999999994, 0.039, 0.054599999999999996, 0.0702, 0.0858]","[{""finite"": 40803, ""nonfinite"": 0, ""nan"": 0, ""posinf"": 0, ""neginf"": 0, ""min"": -970.5, ""max"": 312.0, ""mean"": -278.90903855108695, ""std"": 126.1681305075201, ""all_zero"": false, ""constant"": false}, {""finite"": 40803, ""nonfinite"": 0, ""nan"": 0, ""posinf"": 0, ""neginf"": 0, ""min"": -197.0, ""max"": 279.0, ""mean"": -1.0199617675170944, ""std"": 53.08268895833679, ""all_zero"": false, ""constant"": false}, {""finite"": 40803, ""nonfinite"": 0, ""nan"": 0, ""posinf"": 0, ""neginf"": 0, ""min"": -205.0, ""max"": 266.0, ""mean"": 6.089576746807833, ""std"": 50.46382435698325, ""all_zero"": false, ""constant"": false}, {""finite"": 40803, ""nonfinite"": 0, ""nan"": 0, ""posinf"": 0, ""neginf"": 0, ""min"": -0.9905999999999999, ""max"": 0.8892, ""mean"": 0.03436239982354238, ""std"": 0.28598441951121506, ""all_zero"": false, ""constant"": false}, {""finite"": 40803, ""nonfinite"": 0, ""nan"": 0, ""posinf"": 0, ""neginf"": 0, ""min"": -0.6006, ""max"": 3.9858, ""mean"": 0.8876294096022352, ""std"": 0.8846308259272528, ""all_zero"": false, ""constant"": false}, {""finite"": 40803, ""nonfinite"": 0, ""nan"": 0, ""posinf"": 0, ""neginf"": 0, ""min"": -1.3104, ""max"": 1.9344, ""mean"": 0.2785916917873686, ""std"": 0.4960751947050415, ""all_zero"": false, ""constant"": false}]",{}
data/Training_data/DATA_08_TYPE02_BPMtrace.mat,BPM0,ndarray,float64,"[160, 1]",2,160,160,0,0,0,0,74.5342,150.7937,125.12456562500002,19.32646240947579,False,False,"[74.5342, 75.928, 77.8008, 80.9061, 82.5991, 85.3242, 86.2069, 85.9107, 83.7563, 80.6452]","[119.1737, 117.1875, 115.1316, 112.6609, 110.6697, 109.2612, 107.8029, 108.0931, 108.0247, 107.4972]",[],{}
data/Training_data/DATA_09_TYPE02.mat,sig,ndarray,float64,"[6, 38121]",2,228726,228726,0,0,0,0,-834.5,385.0,-45.24686846882296,129.24526030436806,False,False,"[-254.0, -249.0, -242.0, -242.5, -236.0, -228.5, -222.0, -211.5, -205.5, -202.0]","[0.9359999999999999, 0.9204, 0.9126, 0.8969999999999999, 0.8814, 0.858, 0.8423999999999999, 0.8423999999999999, 0.8346, 0.8111999999999999]","[{""finite"": 38121, ""nonfinite"": 0, ""nan"": 0, ""posinf"": 0, ""neginf"": 0, ""min"": -834.5, ""max"": 364.0, ""mean"": -279.70932032213216, ""std"": 105.46085367365899, ""all_zero"": false, ""constant"": false}, {""finite"": 38121, ""nonfinite"": 0, ""nan"": 0, ""posinf"": 0, ""neginf"": 0, ""min"": -269.0, ""max"": 385.0, ""mean"": -0.915138637496393, ""std"": 92.96451225972848, ""all_zero"": false, ""constant"": false}, {""finite"": 38121, ""nonfinite"": 0, ""nan"": 0, ""posinf"": 0, ""neginf"": 0, ""min"": -391.0, ""max"": 378.0, ""mean"": 8.021287479342094, ""std"": 120.1694787675778, ""all_zero"": false, ""constant"": false}, {""finite"": 38121, ""nonfinite"": 0, ""nan"": 0, ""posinf"": 0, ""neginf"": 0, ""min"": -1.287, ""max"": 0.7176, ""mean"": -0.048122404973636575, ""std"": 0.2903160696306216, ""all_zero"": false, ""constant"": false}, {""finite"": 38121, ""nonfinite"": 0, ""nan"": 0, ""posinf"": 0, ""neginf"": 0, ""min"": -0.9047999999999999, ""max"": 3.9858, ""mean"": 0.8068871960336822, ""std"": 0.9741093021492937, ""all_zero"": false, ""constant"": false}, {""finite"": 38121, ""nonfinite"": 0, ""nan"": 0, ""posinf"": 0, ""neginf"": 0, ""min"": -1.1543999999999999, ""max"": 1.8017999999999998, ""mean"": 0.3631958762886598, ""std"": 0.5493694602724651, ""all_zero"": false, ""constant"": false}]",{}
data/Training_data/DATA_09_TYPE02_BPMtrace.mat,BPM0,ndarray,float64,"[149, 1]",2,149,149,0,0,0,0,74.2574,151.2739,126.07136778523487,22.616376068545144,False,False,"[86.5052, 85.4214, 83.1486, 80.4529, 77.2311, 76.3575, 74.2574, 75.6048, 77.3196, 79.7872]","[150.1581, 149.2147, 148.1289, 146.4208, 144.2308, 142.1053, 140.5733, 139.607, 138.587, 136.6559]",[],{}
data/Training_data/DATA_10_TYPE02.mat,sig,ndarray,float64,"[6, 38042]",2,228252,228252,0,0,0,0,-1024.0,1013.0,-45.54849963724305,149.27570158217728,False,False,"[-315.5, -331.0, -354.0, -374.5, -388.5, -392.0, -391.0, -392.5, -402.0, -410.5]","[0.6162, 0.6396, 0.6552, 0.7098, 0.7487999999999999, 0.7956, 0.819, 0.8502, 0.8423999999999999, 0.8423999999999999]","[{""finite"": 38042, ""nonfinite"": 0, ""nan"": 0, ""posinf"": 0, ""neginf"": 0, ""min"": -1024.0, ""max"": 1013.0, ""mean"": -277.28460648756635, ""std"": 243.84149371947316, ""all_zero"": false, ""constant"": false}, {""finite"": 38042, ""nonfinite"": 0, ""nan"": 0, ""posinf"": 0, ""neginf"": 0, ""min"": -151.0, ""max"": 98.0, ""mean"": -1.2082040902160769, ""std"": 31.598406388646765, ""all_zero"": false, ""constant"": false}, {""finite"": 38042, ""nonfinite"": 0, ""nan"": 0, ""posinf"": 0, ""neginf"": 0, ""min"": -526.0, ""max"": 390.5, ""mean"": 4.212791125598023, ""std"": 93.70849433715328, ""all_zero"": false, ""constant"": false}, {""finite"": 38042, ""nonfinite"": 0, ""nan"": 0, ""posinf"": 0, ""neginf"": 0, ""min"": -2.9015999999999997, ""max"": 1.3805999999999998, ""mean"": -0.25836244151201304, ""std"": 0.5460308700255719, ""all_zero"": false, ""constant"": false}, {""finite"": 38042, ""nonfinite"": 0, ""nan"": 0, ""posinf"": 0, ""neginf"": 0, ""min"": -1.0764, ""max"": 3.9858, ""mean"": 0.874442905210031, ""std"": 1.141534850396766, ""all_zero"": false, ""constant"": false}, {""finite"": 38042, ""nonfinite"": 0, ""nan"": 0, ""posinf"": 0, ""neginf"": 0, ""min"": -1.1934, ""max"": 3.3228, ""mean"": 0.37294116502812685, ""std"": 0.676798647164603, ""all_zero"": false, ""constant"": false}]",{}
data/Training_data/DATA_10_TYPE02_BPMtrace.mat,BPM0,ndarray,float64,"[149, 1]",2,149,149,0,0,0,0,121.3592,176.7418,160.50543959731544,14.51227439139885,False,False,"[123.4907, 127.9318, 130.2932, 131.7149, 132.2614, 132.4503, 131.4433, 129.5896, 128.3422, 125.9182]","[176.0939, 175.1592, 173.8672, 172.5941, 170.9845, 170.4545, 169.7198, 169.4045, 168.7117, 168.0896]",[],{}
data/Training_data/DATA_11_TYPE02.mat,sig,ndarray,float64,"[6, 36500]",2,219000,219000,0,0,0,0,-1024.0,1014.0,-46.777142726940646,181.1028402104521,False,False,"[-354.5, -359.0, -363.5, -368.0, -367.5, -372.0, -376.0, -379.0, -377.0, -373.5]","[-0.039, -0.039, -0.0156, 0.0, 0.0, 0.0, -0.0078, 0.0078, 0.023399999999999997, 0.0078]","[{""finite"": 36500, ""nonfinite"": 0, ""nan"": 0, ""posinf"": 0, ""neginf"": 0, ""min"": -1024.0, ""max"": 1014.0, ""mean"": -284.34982191780824, ""std"": 305.32823261446873, ""all_zero"": false, ""constant"": false}, {""finite"": 36500, ""nonfinite"": 0, ""nan"": 0, ""posinf"": 0, ""neginf"": 0, ""min"": -212.0, ""max"": 215.5, ""mean"": -0.928945205479452, ""std"": 57.84471808316024, ""all_zero"": false, ""constant"": false}, {""finite"": 36500, ""nonfinite"": 0, ""nan"": 0, ""posinf"": 0, ""neginf"": 0, ""min"": -659.5, ""max"": 490.0, ""mean"": 3.977095890410959, ""std"": 180.20159676152085, ""all_zero"": false, ""constant"": false}, {""finite"": 36500, ""nonfinite"": 0, ""nan"": 0, ""posinf"": 0, ""neginf"": 0, ""min"": -2.8626, ""max"": 0.9204, ""mean"": -0.3729829643835616, ""std"": 0.5961121164603883, ""all_zero"": false, ""constant"": false}, {""finite"": 36500, ""nonfinite"": 0, ""nan"": 0, ""posinf"": 0, ""neginf"": 0, ""min"": -0.6786, ""max"": 3.9858, ""mean"": 0.8696923068493151, ""std"": 0.997930187355339, ""all_zero"": false, ""constant"": false}, {""finite"": 36500, ""nonfinite"": 0, ""nan"": 0, ""posinf"": 0, ""neginf"": 0, ""min"": -1.6769999999999998, ""max"": 2.5038, ""mean"": 0.14210552876712326, ""std"": 0.5603766912472969, ""all_zero"": false, ""constant"": false}]",{}
data/Training_data/DATA_11_TYPE02_BPMtrace.mat,BPM0,ndarray,float64,"[143, 1]",2,143,143,0,0,0,0,110.0629,170.6392,152.49175594405594,18.098935152556646,False,False,"[115.3846, 116.7964, 117.4497, 117.1875, 116.7964, 115.6218, 114.3293, 113.1466, 111.7021, 110.9937]","[170.2703, 170.4545, 169.7531, 169.6429, 170.1031, 169.9279, 169.3548, 168.0244, 166.1392, 164.956]",[],{}
data/Training_data/DATA_12_TYPE02.mat,sig,ndarray,float64,"[6, 37316]",2,223896,223896,0,0,0,0,-1024.0,711.0,-46.22701942866331,149.14439494800692,False,False,"[-369.5, -376.0, -378.5, -373.5, -346.5, -319.5, -319.5, -342.5, -350.0, -354.5]","[0.585, 0.6006, 0.6162, 0.624, 0.624, 0.6317999999999999, 0.624, 0.6317999999999999, 0.6083999999999999, 0.624]","[{""finite"": 37316, ""nonfinite"": 0, ""nan"": 0, ""posinf"": 0, ""neginf"": 0, ""min"": -1024.0, ""max"": 219.5, ""mean"": -280.4053891092293, ""std"": 127.49905556917878, ""all_zero"": false, ""constant"": false}, {""finite"": 37316, ""nonfinite"": 0, ""nan"": 0, ""posinf"": 0, ""neginf"": 0, ""min"": -451.0, ""max"": 461.5, ""mean"": -1.1517981562868476, ""std"": 121.23847675791315, ""all_zero"": false, ""constant"": false}, {""finite"": 37316, ""nonfinite"": 0, ""nan"": 0, ""posinf"": 0, ""neginf"": 0, ""min"": -838.5, ""max"": 711.0, ""mean"": 3.3290545610462, ""std"": 191.54473436965108, ""all_zero"": false, ""constant"": false}, {""finite"": 37316, ""nonfinite"": 0, ""nan"": 0, ""posinf"": 0, ""neginf"": 0, ""min"": -1.9733999999999998, ""max"": 1.3026, ""mean"": -0.2470321202701254, ""std"": 0.4268454883535369, ""all_zero"": false, ""constant"": false}, {""finite"": 37316, ""nonfinite"": 0, ""nan"": 0, ""posinf"": 0, ""neginf"": 0, ""min"": -0.9359999999999999, ""max"": 3.9858, ""mean"": 0.7996862418265622, ""std"": 0.8925069578188017, ""all_zero"": false, ""constant"": false}, {""finite"": 37316, ""nonfinite"": 0, ""nan"": 0, ""posinf"": 0, ""neginf"": 0, ""min"": -1.5599999999999998, ""max"": 2.1606, ""mean"": 0.31336201093364774, ""std"": 0.6289407228205416, ""all_zero"": false, ""constant"": false}]",{}
data/Training_data/DATA_12_TYPE02_BPMtrace.mat,BPM0,ndarray,float64,"[146, 1]",2,146,146,0,0,0,0,96.831,170.2786,141.66183698630135,21.882114675094236,False,False,"[97.9325, 99.1189, 99.5575, 100.2227, 98.5844, 96.831, 97.7199, 99.1862, 102.6226, 104.2781]","[167.3428, 165.7895, 163.7214, 162.5387, 160.4278, 159.0668, 157.3977, 156.25, 155.4404, 154.0041]",[],{}
