relative_path,size_bytes,mat_reader,load_status,variable_count,warnings_errors,sha256
data/Competition_data/TEST_S01_T01.mat,472572,scipy.io.loadmat,OK,1,,c5b5bd5d12d591559bcb3d215f47b830fc761a96d1c2228ab3778d8d248ac739
data/Competition_data/TEST_S02_T01.mat,457781,scipy.io.loadmat,OK,1,,6638874ba7e59fc70e1b192ef15609403fc283955f499fabc4e9c46329464406
data/Competition_data/TEST_S02_T02.mat,546264,scipy.io.loadmat,OK,1,,a9e4c44ead12e1d1127ef97f33a6f392521ea82e84ba7a424f6dcd57f48186ee
data/Competition_data/TEST_S03_T02.mat,529544,scipy.io.loadmat,OK,1,,5d977a10a5d0b8cbba111800ea3262c506dfc7ab84535f34f5fdcce07ac2114d
data/Competition_data/TEST_S04_T02.mat,381948,scipy.io.loadmat,OK,1,,0fee63678f600f7dd381f2e772522d761b3901302945afb1d82c1caf89403e8d
data/Competition_data/TEST_S05_T02.mat,592342,scipy.io.loadmat,OK,1,,7b76640d748c83f46c3ead193b4ba1ed7861d7c91589d171ecf9aebd6fe0e375
data/Competition_data/TEST_S06_T01.mat,450976,scipy.io.loadmat,OK,1,,401b529e5e07250c855d653db45bfb4b1b68209f82ffe6c0f673ce16478ec936
data/Competition_data/TEST_S06_T02.mat,559057,scipy.io.loadmat,OK,1,,2e42bc8a6793fb766e138239b42aec53f1031734a918e55a1d37018a83b0d71c
data/Competition_data/TEST_S07_T02.mat,464964,scipy.io.loadmat,OK,1,,b6271f456783b52a148b38f6d98ba1cbe1e17af65adf5d05ad8084d9fbfe856c
data/Competition_data/TEST_S08_T01.mat,340413,scipy.io.loadmat,OK,1,,d643954b483dd4f2a2c05965edc178e86315eebe59e004e2507c5d20ad34616d
data/Competition_data/True_S01_T01.mat,930,scipy.io.loadmat,OK,1,,c58fb00f83212a49c85a8421b975bb94a18b1a18420e20f961c18eff77e92c31
data/Competition_data/True_S02_T01.mat,915,scipy.io.loadmat,OK,1,,ac9defad15aa5be1b826795cc7585e0dd34b84a9e80c8815139edfbf445bef4e
data/Competition_data/True_S02_T02.mat,928,scipy.io.loadmat,OK,1,,0d0d7dfb0cf6120a8a2cf368fd0a47440292ddfba0499038cca948edbb046520
data/Competition_data/True_S03_T02.mat,952,scipy.io.loadmat,OK,1,,60164516d42de46b9418497064ed70bc64dd65b530688cd6b5df88eca7abc6a6
data/Competition_data/True_S04_T02.mat,752,scipy.io.loadmat,OK,1,,6416e1e92975775cb871cebfdd4376eec8d542d988c4e4b781634fea8bc7a895
data/Competition_data/True_S05_T02.mat,926,scipy.io.loadmat,OK,1,,25f2b9e57dff4164da1a722fd8ef92b0e20acb950808944a13c3ec427f918f72
data/Competition_data/True_S06_T01.mat,894,scipy.io.loadmat,OK,1,,557bb76ef84b493b1a7aa317a253f785d6b1d335372977c3fc762ab0006a50ae
data/Competition_data/True_S06_T02.mat,895,scipy.io.loadmat,OK,1,,a9dd94b371c2798fdc7e1390c9eaece961cb2b4160cf00e9ab21a01b8f3dcff6
data/Competition_data/True_S07_T02.mat,821,scipy.io.loadmat,OK,1,,7a6f5a99da29fc556ac3c3370bf8aa850801b513f4dafefc4f789994e2e1c717
data/Competition_data/True_S08_T01.mat,738,scipy.io.loadmat,OK,1,,f115fb60ee7f68047a9410c5a1efcf75558b1cd759ab941a515674dfdc43e893
data/Training_data/DATA_01_TYPE01.mat,663124,scipy.io.loadmat,OK,1,,1efd5eff52d6302d7a70c92e4260a7e03b9d4b3baf327e6f09f5f411f841502b
data/Training_data/DATA_01_TYPE01_BPMtrace.mat,1188,scipy.io.loadmat,OK,1,,af8c5acfdc3304b62231da8bafae7e3c076a18f730525e03b8f4bea2eb2510ec
data/Training_data/DATA_02_TYPE02.mat,655302,scipy.io.loadmat,OK,1,,3ea010b00a127c9162a1aa7029eba4fc000aff4f74b0b3ab15f17f5e3f38c06e
data/Training_data/DATA_02_TYPE02_BPMtrace.mat,1238,scipy.io.loadmat,OK,1,,66f486fb4b1424cc0261b2d40cfd95833e5a08350a7c34785e4e01839a751da2
data/Training_data/DATA_03_TYPE02.mat,630349,scipy.io.loadmat,OK,1,,367090eccfeb0d263fde44567487faebe04044f7900aa6d38c76f94682e62bbd
data/Training_data/DATA_03_TYPE02_BPMtrace.mat,1132,scipy.io.loadmat,OK,1,,14c6ecc4b7fd1b795320527c171eace70858e9954e79f1e6eecd16492324da60
data/Training_data/DATA_04_TYPE02.mat,603118,scipy.io.loadmat,OK,1,,c5abbeb804c8c56f78ab0d99d56640ffec3c1693a94003f55bb4e8ec1da4eef4
data/Training_data/DATA_04_TYPE02_BPMtrace.mat,1152,scipy.io.loadmat,OK,1,,8763cb1d38e1cdbc10b2618110738c29ab1ddd43cf9a25bc342af3c1c8cec78e
data/Training_data/DATA_05_TYPE02.mat,622859,scipy.io.loadmat,OK,1,,fd5f20105ea8b59c6a0e46990df5a82b5d780b6298be032401b67fdbf9e1e86d
data/Training_data/DATA_05_TYPE02_BPMtrace.mat,1118,scipy.io.loadmat,OK,1,,78df991fdf57bd1ed01f95a089121c5a4b8da1fc586f813d53883e5a8c2aabda
data/Training_data/DATA_06_TYPE02.mat,687192,scipy.io.loadmat,OK,1,,ad290fc67ebd1212723401b008143ad1bda81200ce468f30ed3f517e19a6cc18
data/Training_data/DATA_06_TYPE02_BPMtrace.mat,1100,scipy.io.loadmat,OK,1,,942bd7dde6a9d2979dccdc4813075ebae5428ec070be0fa7ed040f798739c591
data/Training_data/DATA_07_TYPE02.mat,651912,scipy.io.loadmat,OK,1,,27443d6ab16103ddeacc589ea292af648e0e0fe3639a96f723010be2243a31c1
data/Training_data/DATA_07_TYPE02_BPMtrace.mat,1190,scipy.io.loadmat,OK,1,,a4addca8b65a95f0b69247a5417d358a78ad4494b794b073f14ca927207da1df
data/Training_data/DATA_08_TYPE02.mat,674257,scipy.io.loadmat,OK,1,,4b4ee64d58a4a279b4b0ba1dd722be06bc39b2fef31712538d9dec3e2854b8e0
data/Training_data/DATA_08_TYPE02_BPMtrace.mat,1196,scipy.io.loadmat,OK,1,,7e940964ef57ffa5cde7edbb6f1fef525d8352845ad1d4e0cf61f116710d8074
data/Training_data/DATA_09_TYPE02.mat,667175,scipy.io.loadmat,OK,1,,88c750b531da19e78a1ade37221e95ca26d41f106820da434e3383edd94fe474
data/Training_data/DATA_09_TYPE02_BPMtrace.mat,1142,scipy.io.loadmat,OK,1,,dde501cbdc26e028cf843bc6accaa871bf83c784a8f8d0339079bad26de88150
data/Training_data/DATA_10_TYPE02.mat,683027,scipy.io.loadmat,OK,1,,22892db766b5491c5df724697deecdccb1b53a42813793fc82c7d014330238a9
data/Training_data/DATA_10_TYPE02_BPMtrace.mat,1082,scipy.io.loadmat,OK,1,,bb04fc9f26fc518e5e9ae6fe348b83b14aa1a4ab1b31623a996fe8b577037080
data/Training_data/DATA_11_TYPE02.mat,668737,scipy.io.loadmat,OK,1,,d36dce46628593f7aef76dc6b8c7cead46c0585815ca72d8a9801ba2674f02f0
data/Training_data/DATA_11_TYPE02_BPMtrace.mat,1060,scipy.io.loadmat,OK,1,,12e3a2262029af27f5f9c23c5f6922df1a52b38309924a299f1f3c9212c3be31
data/Training_data/DATA_12_TYPE02.mat,668021,scipy.io.loadmat,OK,1,,3971d5b17b62a2da9d9c4631ff0dc7502dd44df16c0680e2091920bbb839b214
data/Training_data/DATA_12_TYPE02_BPMtrace.mat,1163,scipy.io.loadmat,OK,1,,670a1271b50c6bc09a820a0ec04d59c7193c317e03bd0afe3e2599824fa9caa4
data/Training_data/Readme.docx,12601,,NOT_MAT,,,5b4c7da295872de79c05be4cad073cf694c7687a6039552499686a43bc4e1f45
data/Training_data/Readme.pdf,118950,,NOT_MAT,,,e9fdc1519241a15e2bf6180fb973d600d6ceb802ecdbe5fb9944b8c882b7c5e9
data/nomi_tracce_BPM.txt,438,,NOT_MAT,,,fa091605968ae40da83c46148a389bc4b79e58086242d5372652a78ef8275741
data/nomi_tracce_tot.txt,330,,NOT_MAT,,,03770032e14bb5f6834e6818189822bd691a18f7a4fb9b5a154850fe14ab3e76
